Time,open_price,high_price,low_price,close_price,open_cvd,high_cvd,low_cvd,close_cvd,volume
2026-09-17T09:15:00+05:30,2406.8,2410,2388.4,2398.8,0,4494,-181,208,29577
2026-09-17T09:45:00+05:30,2399.9,2409.4,2392.9,2403,208,3864,-1821,3096,19652
2026-09-17T10:15:00+05:30,2403,2406,2392,2393,3096,4394,2224,2477,17279
2026-09-17T10:45:00+05:30,2393,2398.8,2392.5,2397.2,2477,4937,2322,4711,15454
2026-09-17T11:15:00+05:30,2397.2,2407,2393.1,2403,4711,10899,4474,10687,15228
2026-09-17T11:45:00+05:30,2403,2405.8,2401,2403.4,10687,14437,9751,14432,14047
2026-09-17T12:15:00+05:30,2403.4,2416.9,2401.2,2411.8,14432,16335,13895,14306,17367
2026-09-17T12:45:00+05:30,2411.8,2415.4,2407.6,2407.6,14306,16511,14057,15775,9276
2026-09-17T13:15:00+05:30,2407.6,2409.6,2401.6,2401.6,15775,16995,15218,15554,13038
2026-09-17T13:45:00+05:30,2401.6,2403.5,2394,2397.6,15554,21368,15523,21368,18641
2026-09-17T14:15:00+05:30,2397.6,2406.2,2395,2402.7,21368,24240,21359,22710,18584
2026-09-17T14:45:00+05:30,2402.9,2413.2,2399,2410.6,22710,26131,21488,23162,35123
