timestamp,open,high,low,close,volume
2026-09-01 09:15:00+05:30,343.3,347.75,343.3,343.75,2222300
2026-09-01 09:45:00+05:30,343.75,345.05,343.2,344.8,666229
2026-09-01 10:15:00+05:30,344.8,345.95,344,345.25,454477
2026-09-01 10:45:00+05:30,345.25,345.5,344.5,344.95,262840
2026-09-01 11:15:00+05:30,344.95,346.2,344.55,345.25,651523
2026-09-01 11:45:00+05:30,345.25,346,344.65,345,449056
2026-09-01 12:15:00+05:30,345,346.4,344.5,346.05,521409
2026-09-01 12:45:00+05:30,346.05,346.25,345.5,345.6,609158
2026-09-01 13:15:00+05:30,345.65,345.85,344.8,345.1,341410
2026-09-01 13:45:00+05:30,345.1,346.7,345.05,346.05,727535
2026-09-01 14:15:00+05:30,346.05,346.45,345.15,345.4,340415
2026-09-01 14:45:00+05:30,345.4,345.9,344.25,344.35,680672
2026-09-02 09:15:00+05:30,343.4,343.4,340.5,342.6,649806
2026-09-02 09:45:00+05:30,342.6,344.65,341.85,343.8,321022
2026-09-02 10:15:00+05:30,343.8,345.1,343.8,344.7,274705
2026-09-02 10:45:00+05:30,344.7,345.2,343.6,343.65,282178
2026-09-02 11:15:00+05:30,343.65,343.65,342,342.3,189416
2026-09-02 11:45:00+05:30,342.3,345.1,342.15,344.85,986600
2026-09-02 12:15:00+05:30,344.85,346.4,344.45,345.4,636180
2026-09-02 12:45:00+05:30,345.4,345.9,345.15,345.25,331770
2026-09-02 13:15:00+05:30,345.35,346.05,345.1,345.35,426699
2026-09-02 13:45:00+05:30,345.35,345.95,345.3,345.75,232171
2026-09-02 14:15:00+05:30,345.8,347.3,345.65,346.85,4708863
2026-09-02 14:45:00+05:30,346.85,347.05,346.1,346.8,1769464
2026-09-03 09:15:00+05:30,349.2,351.75,348.5,349.8,799005
2026-09-03 09:45:00+05:30,349.85,350.85,346.2,348,1878312
2026-09-03 10:15:00+05:30,348.15,348.4,345.8,347.2,893980
2026-09-03 10:45:00+05:30,347.25,348.45,346.25,347.5,999017
2026-09-03 11:15:00+05:30,347.5,347.5,346.6,346.95,446798
2026-09-03 11:45:00+05:30,346.9,346.95,345.75,346.3,327226
2026-09-03 12:15:00+05:30,346.3,346.45,345.85,346,266948
2026-09-03 12:45:00+05:30,346,346.25,345.85,345.95,213445
2026-09-03 13:15:00+05:30,345.95,345.95,345,345.4,356771
2026-09-03 13:45:00+05:30,345.4,345.4,344.45,344.9,353742
2026-09-03 14:15:00+05:30,344.9,345.7,343.7,343.9,539233
2026-09-03 14:45:00+05:30,343.9,345.15,343.3,344.3,1249222
2026-09-04 09:15:00+05:30,344.9,346.7,344,345.7,399185
2026-09-04 09:45:00+05:30,345.7,346.5,345.65,346.15,197758
2026-09-04 10:15:00+05:30,346.15,346.8,346.05,346.45,204464
2026-09-04 10:45:00+05:30,346.45,348.7,346.35,347.6,489628
2026-09-04 11:15:00+05:30,347.6,350.1,347.5,349.85,776711
2026-09-04 11:45:00+05:30,349.85,354.9,349.45,354.85,6428297
2026-09-04 12:15:00+05:30,354.8,357.4,354.35,355.2,1954093
2026-09-04 12:45:00+05:30,355.2,357,354.05,355.65,1619493
2026-09-04 13:15:00+05:30,355.65,357.45,354.9,355.2,1866510
2026-09-04 13:45:00+05:30,355.2,356.95,354.2,356.7,1029932
2026-09-04 14:15:00+05:30,356.7,356.8,355.9,356.35,1238226
2026-09-04 14:45:00+05:30,356.35,357.7,355.5,355.85,2826487
2026-09-07 09:15:00+05:30,355.75,358.75,354.1,358.35,628531
2026-09-07 09:45:00+05:30,358.35,359.15,355.25,355.6,710381
2026-09-07 10:15:00+05:30,355.5,356.3,353.55,353.7,746620
2026-09-07 10:45:00+05:30,353.7,354.2,353.1,353.65,447552
2026-09-07 11:15:00+05:30,353.65,355.2,353.3,355.05,723871
2026-09-07 11:45:00+05:30,355.05,355.3,354.6,355.1,260854
2026-09-07 12:15:00+05:30,355.05,355.25,354,354,594396
2026-09-07 12:45:00+05:30,354,354.9,353.6,353.85,612207
2026-09-07 13:15:00+05:30,353.9,354,353.4,353.5,233674
2026-09-07 13:45:00+05:30,353.5,354,353.4,353.6,202856
2026-09-07 14:15:00+05:30,353.6,354,353.2,353.65,302110
2026-09-07 14:45:00+05:30,353.55,353.95,353,353.5,931542
2026-09-08 09:15:00+05:30,352.05,353,351.15,352.25,402864
2026-09-08 09:45:00+05:30,352.25,353.5,351.75,353.45,266278
2026-09-08 10:15:00+05:30,353.45,354.95,352.75,353.65,334216
2026-09-08 10:45:00+05:30,353.6,354.75,352.35,353.4,1042989
2026-09-08 11:15:00+05:30,353.4,354.5,352.7,354.3,400624
2026-09-08 11:45:00+05:30,354.3,354.65,353.4,353.7,507365
2026-09-08 12:15:00+05:30,353.7,354.35,353.7,354.1,205620
2026-09-08 12:45:00+05:30,354.1,355.9,353.95,354.55,765730
2026-09-08 13:15:00+05:30,354.7,354.85,354.4,354.55,460847
2026-09-08 13:45:00+05:30,354.55,354.75,353.7,354.55,326551
2026-09-08 14:15:00+05:30,354.55,355.65,354.5,355,405170
2026-09-08 14:45:00+05:30,355.1,356.5,354.75,355.6,1449920
2026-09-09 09:15:00+05:30,354.35,355.3,352.8,354.5,330433
2026-09-09 09:45:00+05:30,354.45,354.5,352.55,352.8,299096
2026-09-09 10:15:00+05:30,352.8,353.5,352.3,352.7,254540
2026-09-09 10:45:00+05:30,352.7,353.3,351.05,351.2,277485
2026-09-09 11:15:00+05:30,351.05,353,351.05,352.4,844810
2026-09-09 11:45:00+05:30,352.4,352.9,351.8,352.25,822764
2026-09-09 12:15:00+05:30,352.25,353,352,352.65,333573
2026-09-09 12:45:00+05:30,352.65,353.4,352.4,352.8,478202
2026-09-09 13:15:00+05:30,352.8,353.2,352.65,352.75,163875
2026-09-09 13:45:00+05:30,352.75,353.45,352.4,352.6,378680
2026-09-09 14:15:00+05:30,352.6,353.1,351.75,352.3,321537
2026-09-09 14:45:00+05:30,352.25,352.25,350.1,350.15,816366
2026-09-10 09:15:00+05:30,350,351.9,349.3,350.45,732904
2026-09-10 09:45:00+05:30,350.6,351.1,349.7,349.8,401526
2026-09-10 10:15:00+05:30,349.95,351.1,349.8,350.95,463899
2026-09-10 10:45:00+05:30,350.95,354.75,350,354.1,825898
2026-09-10 11:15:00+05:30,354.1,354.3,352.55,353,405738
2026-09-10 11:45:00+05:30,353,353.85,352.05,353.85,375785
2026-09-10 12:15:00+05:30,353.8,354.2,351.45,352.15,710365
2026-09-10 12:45:00+05:30,352.1,352.55,351,351.65,507810
2026-09-10 13:15:00+05:30,351.85,352.05,351.05,351.75,962157
2026-09-10 13:45:00+05:30,351.75,351.85,351.1,351.45,275063
2026-09-10 14:15:00+05:30,351.45,352.1,351.25,351.7,227541
2026-09-10 14:45:00+05:30,351.85,352.7,351.6,351.8,1241805
2026-09-11 09:15:00+05:30,348,351.3,348,348.5,557451
2026-09-11 09:45:00+05:30,348.5,349.75,348.2,349.5,255226
2026-09-11 10:15:00+05:30,349.5,350.85,349.45,350.45,284290
2026-09-11 10:45:00+05:30,350.5,350.8,349.4,350.65,252850
2026-09-11 11:15:00+05:30,350.65,351.9,350.3,351.15,252915
2026-09-11 11:45:00+05:30,351.1,351.45,350.75,351,144794
2026-09-11 12:15:00+05:30,350.95,351.4,349.6,349.8,1438992
2026-09-11 12:45:00+05:30,349.8,351.2,349.3,351.2,1199786
2026-09-11 13:15:00+05:30,351.2,351.35,350.5,350.95,252641
2026-09-11 13:45:00+05:30,350.9,352.35,350.9,352.15,243493
2026-09-11 14:15:00+05:30,352.15,353.15,351.8,352.35,356395
2026-09-11 14:45:00+05:30,352.4,352.45,351.15,351.6,452678
2026-09-15 09:15:00+05:30,352.45,353.3,349.5,349.9,719155
2026-09-15 09:45:00+05:30,349.8,349.95,348.2,349.1,561891
2026-09-15 10:15:00+05:30,349.1,349.6,347.7,349,760521
2026-09-15 10:45:00+05:30,349,349.1,347.15,348,479745
2026-09-15 11:15:00+05:30,348,348.85,347.35,348.5,1038317
2026-09-15 11:45:00+05:30,348.5,348.5,347.75,347.9,303294
2026-09-15 12:15:00+05:30,347.9,348.35,347.4,348.05,601736
2026-09-15 12:45:00+05:30,347.95,348.15,347.3,347.5,774198
2026-09-15 13:15:00+05:30,347.5,347.5,346.75,346.85,288206
2026-09-15 13:45:00+05:30,346.85,347.1,346.05,346.1,261440
2026-09-15 14:15:00+05:30,346.1,346.1,345.2,345.65,658153
2026-09-15 14:45:00+05:30,345.65,345.65,344.05,344.75,912100
2026-09-16 09:15:00+05:30,344,348.5,343.65,344.35,846239
2026-09-16 09:45:00+05:30,344.35,346.3,343.8,344.5,461902
2026-09-16 10:15:00+05:30,344.5,345.45,344.5,345.3,238040
2026-09-16 10:45:00+05:30,345.15,349.1,345.15,347.3,1116668
2026-09-16 11:15:00+05:30,347.4,348.35,346.65,347.5,911618
2026-09-16 11:45:00+05:30,347.45,348.7,347.15,348.5,455471
2026-09-16 12:15:00+05:30,348.5,348.95,348.15,348.95,157835
2026-09-16 12:45:00+05:30,348.95,348.95,347.7,348,226539
2026-09-16 13:15:00+05:30,347.85,348.4,347.25,347.35,154384
2026-09-16 13:45:00+05:30,347.35,348.5,347.35,348.5,182199
2026-09-16 14:15:00+05:30,348.5,348.6,347.65,347.75,186654
2026-09-16 14:45:00+05:30,347.75,348.5,347.3,347.4,781571
2026-09-17 09:15:00+05:30,346.1,348.15,345.5,346.55,714233
2026-09-17 09:45:00+05:30,346.55,348.5,346.35,347.95,723112
2026-09-17 10:15:00+05:30,347.95,348.05,345.3,345.6,382944
2026-09-17 10:45:00+05:30,345.6,346.1,344.75,345.25,399025
2026-09-17 11:15:00+05:30,345.25,346.55,345.05,346.45,425644
2026-09-17 11:45:00+05:30,346.45,347.3,346.3,347.2,501503
2026-09-17 12:15:00+05:30,347.2,347.7,346.75,347.5,661622
2026-09-17 12:45:00+05:30,347.5,347.55,346.6,346.75,383762
2026-09-17 13:15:00+05:30,346.8,346.9,345.55,345.9,491813
2026-09-17 13:45:00+05:30,345.8,346.3,345.3,345.55,362326
2026-09-17 14:15:00+05:30,345.5,346.1,345.25,345.95,352753
2026-09-17 14:45:00+05:30,345.95,346,345.25,345.5,708512
2026-09-18 09:15:00+05:30,345,346.3,344.3,345.2,568620
2026-09-18 09:45:00+05:30,345.2,346,345.1,345.55,1089283
2026-09-18 10:15:00+05:30,345.55,345.9,344.9,345.2,379488
2026-09-18 10:45:00+05:30,345.2,346.75,345.1,346.4,2007111
2026-09-18 11:15:00+05:30,346.4,347.05,346,346.3,612368
2026-09-18 11:45:00+05:30,346.3,346.75,345.8,346.25,322242
2026-09-18 12:15:00+05:30,346.2,346.7,345.9,346.55,303911
2026-09-18 12:45:00+05:30,346.5,346.8,345.75,345.85,455426
2026-09-18 13:15:00+05:30,345.85,345.95,345.2,345.3,424545
2026-09-18 13:45:00+05:30,345.3,345.55,344.8,345.2,443082
2026-09-18 14:15:00+05:30,345.2,347.1,345.1,346.5,1003029
2026-09-18 14:45:00+05:30,346.5,346.9,345.25,345.45,2071476
2026-09-21 09:15:00+05:30,342.6,347.25,342.6,346.25,786389
2026-09-21 09:45:00+05:30,346.25,347,345.65,345.85,1456677
2026-09-21 10:15:00+05:30,345.85,346.35,344.75,345.2,435181
2026-09-21 10:45:00+05:30,345.2,346,344.8,345.9,565830
2026-09-21 11:15:00+05:30,345.9,345.95,345.3,345.8,632662
2026-09-21 11:45:00+05:30,345.8,346.35,345.25,346.3,357794
2026-09-21 12:15:00+05:30,346.25,346.95,345.9,346.75,863913
2026-09-21 12:45:00+05:30,346.7,348.05,346.6,347.1,1354253
2026-09-21 13:15:00+05:30,347.1,347.25,346.1,346.35,458727
2026-09-21 13:45:00+05:30,346.3,347,346.25,346.65,336065
2026-09-21 14:15:00+05:30,346.65,346.7,346.15,346.5,361484
2026-09-21 14:45:00+05:30,346.45,346.65,345.05,345.75,1166318
2026-09-22 09:15:00+05:30,345.2,346.4,343.8,344.15,598511
2026-09-22 09:45:00+05:30,344.1,344.45,343.75,344.25,331573
2026-09-22 10:15:00+05:30,344.2,344.4,343.55,344.1,286025
2026-09-22 10:45:00+05:30,344.1,344.3,343.1,343.75,442513
2026-09-22 11:15:00+05:30,343.7,345.25,343.6,344,1169507
2026-09-22 11:45:00+05:30,344,345.9,343.75,345.6,714380
2026-09-22 12:15:00+05:30,345.5,346.35,345.3,346.05,385600
2026-09-22 12:45:00+05:30,346.05,346.5,345.3,345.55,527162
2026-09-22 13:15:00+05:30,345.55,345.85,345.2,345.4,224176
2026-09-22 13:45:00+05:30,345.4,345.65,344.45,345.65,295879
2026-09-22 14:15:00+05:30,345.65,346,344.5,344.6,499721
2026-09-22 14:45:00+05:30,344.65,344.9,343.9,344.2,1821142
2026-09-23 09:15:00+05:30,345.55,347.6,345.55,347.05,389865
2026-09-23 09:45:00+05:30,347,347.15,345.15,345.3,360816
2026-09-23 10:15:00+05:30,345.3,345.7,344.55,345.45,433621
2026-09-23 10:45:00+05:30,345.45,348.5,345.45,347.65,2360395
2026-09-23 11:15:00+05:30,347.6,348.7,346.75,348.2,972245
2026-09-23 11:45:00+05:30,348.2,348.9,347.4,347.45,875319
2026-09-23 12:15:00+05:30,347.45,349,347.3,348.5,1932588
2026-09-23 12:45:00+05:30,348.5,349.95,348.45,349.5,1243054
2026-09-23 13:15:00+05:30,349.5,349.55,348.8,348.9,295513
2026-09-23 13:45:00+05:30,348.9,349.05,347.5,347.75,747329
2026-09-23 14:15:00+05:30,347.75,347.8,347.35,347.4,306016
2026-09-23 14:45:00+05:30,347.4,347.45,346.55,346.7,811367
2026-09-24 09:15:00+05:30,343.85,345.1,341.55,342.85,1252656
2026-09-24 09:45:00+05:30,342.9,343.95,342.2,342.9,446449
2026-09-24 10:15:00+05:30,342.9,343.7,342.25,342.9,647467
2026-09-24 10:45:00+05:30,342.9,343.5,341.35,341.45,662448
2026-09-24 11:15:00+05:30,341.45,342.35,341.2,341.9,320969
2026-09-24 11:45:00+05:30,341.9,342.1,341,341.3,547237
2026-09-24 12:15:00+05:30,341.3,341.65,340.35,340.45,931499
2026-09-24 12:45:00+05:30,340.25,341,340.15,340.35,467963
2026-09-24 13:15:00+05:30,340.35,340.45,339.2,339.4,470002
2026-09-24 13:45:00+05:30,339.4,339.4,338.3,338.5,542303
2026-09-24 14:15:00+05:30,338.5,339.6,338,339.2,469328
2026-09-24 14:45:00+05:30,339.2,340.1,339,339.35,1062604
2026-09-25 09:15:00+05:30,340,340.05,336.8,337.1,775246
2026-09-25 09:45:00+05:30,337.15,338.75,336.5,338.3,466188
2026-09-25 10:15:00+05:30,338.45,338.75,337.6,338.4,364286
2026-09-25 10:45:00+05:30,338.4,338.7,337.6,338.2,365355
2026-09-25 11:15:00+05:30,338.2,338.95,337.9,338.45,252748
2026-09-25 11:45:00+05:30,338.45,338.65,337.75,337.75,244135
2026-09-25 12:15:00+05:30,337.75,338.25,337.55,337.6,214189
2026-09-25 12:45:00+05:30,337.6,337.65,336.7,336.8,342049
2026-09-25 13:15:00+05:30,336.8,338,336.3,337.7,695140
2026-09-25 13:45:00+05:30,337.7,339.05,337.15,338,1057006
2026-09-25 14:15:00+05:30,338,338.2,337.5,337.7,1731292
2026-09-25 14:45:00+05:30,337.9,338.55,337.7,338,1937235
2026-09-28 09:15:00+05:30,338.3,338.55,331.3,332.4,1283426
2026-09-28 09:45:00+05:30,332.4,332.95,330.8,331.3,1231007
2026-09-28 10:15:00+05:30,331.4,331.45,329.05,329.35,871212
2026-09-28 10:45:00+05:30,329.3,332.15,329.25,331.4,889027
2026-09-28 11:15:00+05:30,331.35,332.55,331.05,332.55,609400
2026-09-28 11:45:00+05:30,332.5,332.55,331.55,332,392857
2026-09-28 12:15:00+05:30,331.95,333.15,331.7,332.7,512076
2026-09-28 12:45:00+05:30,332.75,333.1,331.8,331.9,939369
2026-09-28 13:15:00+05:30,331.9,333.2,331.8,333.15,455083
2026-09-28 13:45:00+05:30,333.15,333.25,332.05,332.2,701712
2026-09-28 14:15:00+05:30,332.15,332.3,330.7,330.85,621069
2026-09-28 14:45:00+05:30,330.9,331.65,330.1,330.1,1107865
2026-09-29 09:15:00+05:30,330.25,330.6,323.5,324.85,1155989
2026-09-29 09:45:00+05:30,324.85,324.85,322.7,322.7,768749
2026-09-29 10:15:00+05:30,322.8,322.95,320.8,322.3,1287144
2026-09-29 10:45:00+05:30,322.45,324.4,321.85,324.3,959419
2026-09-29 11:15:00+05:30,324.25,326.85,323.85,325.85,2055500
2026-09-29 11:45:00+05:30,325.9,327.15,325.25,327.1,858282
2026-09-29 12:15:00+05:30,327.1,327.1,325.15,325.3,920462
2026-09-29 12:45:00+05:30,325.3,325.8,324.95,325.5,636956
2026-09-29 13:15:00+05:30,325.5,325.55,324.1,324.45,447516
2026-09-29 13:45:00+05:30,324.45,325.15,324.1,324.1,346142
2026-09-29 14:15:00+05:30,324.1,325.2,324,324.6,754861
2026-09-29 14:45:00+05:30,324.6,327,324.4,325.9,2295229
2026-09-30 09:15:00+05:30,325.85,329.85,325.65,328.5,697762
2026-09-30 09:45:00+05:30,328.5,328.65,327.25,327.85,376213
2026-09-30 10:15:00+05:30,327.95,328.5,325.45,325.55,435078
2026-09-30 10:45:00+05:30,325.65,326.65,325,326.25,455770
2026-09-30 11:15:00+05:30,326.2,329.6,325.1,328.75,1380139
2026-09-30 11:45:00+05:30,328.75,332.5,328.45,330.6,1174094
2026-09-30 12:15:00+05:30,330.6,331.65,330.05,331,791251
2026-09-30 12:45:00+05:30,330.95,331.1,330,330.15,248927
2026-09-30 13:15:00+05:30,330.15,331.3,329.75,329.75,589291
2026-09-30 13:45:00+05:30,329.75,330.15,329.15,329.25,426112
2026-09-30 14:15:00+05:30,329.3,329.6,327.35,327.5,542202
2026-09-30 14:45:00+05:30,327.55,328.4,327.35,327.9,1947939
2026-10-01 09:15:00+05:30,325.85,326.5,322.2,322.55,745353
2026-10-01 09:45:00+05:30,322.55,323.35,321.7,322.6,599443
2026-10-01 10:15:00+05:30,322.7,323.1,321.75,322.1,254574
2026-10-01 10:45:00+05:30,322.1,322.1,320.85,321.35,334203
2026-10-01 11:15:00+05:30,321.35,321.6,320.6,321.35,345009
2026-10-01 11:45:00+05:30,321.35,321.8,320.1,320.3,681560
2026-10-01 12:15:00+05:30,320.3,320.5,318.35,319.85,1100782
2026-10-01 12:45:00+05:30,319.85,319.85,316.3,318.3,739410
2026-10-01 13:15:00+05:30,318.3,318.3,314.5,314.9,775028
2026-10-01 13:45:00+05:30,314.8,315.75,313.35,314.45,1239571
2026-10-01 14:15:00+05:30,314.45,316.5,313.75,315.9,1126445
2026-10-01 14:45:00+05:30,316,317.2,315.6,317,1537132
2026-10-05 09:15:00+05:30,320.1,322.9,318.55,319,1036722
2026-10-05 09:45:00+05:30,319,320.45,318.05,320.3,736397
2026-10-05 10:15:00+05:30,320.25,322.35,319.65,320.3,985853
2026-10-05 10:45:00+05:30,320.3,320.7,319.35,319.65,1611772
2026-10-05 11:15:00+05:30,319.65,319.65,317.7,318.5,545555
2026-10-05 11:45:00+05:30,318.5,321.05,318.45,320.75,1373990
2026-10-05 12:15:00+05:30,320.75,321.25,320.4,320.6,555546
2026-10-05 12:45:00+05:30,320.75,321.35,320.4,320.85,385035
2026-10-05 13:15:00+05:30,320.8,322.9,320.4,322.25,663774
2026-10-05 13:45:00+05:30,322.35,323.35,320.8,321.4,1022811
2026-10-05 14:15:00+05:30,321.45,322.35,320.9,322.35,650458
2026-10-05 14:45:00+05:30,322.35,323,320.75,320.95,1535708